row,label,severity,notes
1,IGNORE,1,
2,IGNORE,1,
3,TRACK,1,note the Thu Oct 8 run sync date for deciding v3 and v4 for kestrel and for Mateo to have the shard diff ready and TP padding answer sent to the group before
4,TRACK,1,keiko will not be able to make the call tomorrow (Oct 20) and need someone to cover for
5,TRACK,1,darnell will send the QBR deck to Amara Okafor once term section locked
6,INTERVENE,2,agent should respond Jon Reyes as the exec to Northwind 
7,IGNORE,1,
8,IGNORE,1,
9,IGNORE,1,
10,IGNORE,1,
11,INTERVENE,2,should tell them the kestrel start date is Oct 5
12,IGNORE,1,
13,TRACK,1,should track that frida is doing this by Sep 11
14,IGNORE,1,
15,INTERVENE,2,deadline passed on the signed data processing addendum
16,TRACK,1,should track the design review date for Sep 21
17,IGNORE,1,
18,IGNORE,1,
19,INTERVENE,3,Northwind does not have data retention 
20,IGNORE,1,
