condition,slice,value,subset,n,L3_loose,L2_full
A1,form,correction,all,8,0.875,0.5
A1,form,cross_ref,all,5,0.6,0.6
A1,form,distributed,all,4,1.0,0.5
A1,form,ellipsis,all,5,0.8,0.8
A1,form,explicit,all,11,0.273,0.636
A1,form,reaction,all,3,0.667,0.333
A1,bucket,cross,all,19,0.421,0.421
A1,bucket,far,all,8,0.75,0.5
A1,bucket,near,all,9,1.0,1.0
A1,structure,flat,all,9,0.778,0.889
A1,structure,interleaved,all,17,0.706,0.471
A1,structure,threaded,all,10,0.4,0.5
A1,type,contradiction,all,11,0.909,0.636
A1,type,deadline_passed,all,7,0.0,0.571
A1,type,repeat_question,all,8,0.75,0.5
A1,type,stale_quote,all,10,0.7,0.6
A1,form,correction,clean,5,0.8,0.2
A1,form,cross_ref,clean,3,0.333,0.333
A1,form,distributed,clean,4,1.0,0.5
A1,form,ellipsis,clean,2,1.0,1.0
A1,form,explicit,clean,11,0.273,0.636
A1,form,reaction,clean,3,0.667,0.333
A2,form,correction,all,8,0.75,0.375
A2,form,cross_ref,all,5,0.8,0.6
A2,form,distributed,all,4,1.0,0.75
A2,form,ellipsis,all,5,0.8,0.6
A2,form,explicit,all,11,0.455,0.727
A2,form,reaction,all,3,1.0,0.333
A2,bucket,cross,all,19,0.579,0.421
A2,bucket,far,all,8,0.875,0.625
A2,bucket,near,all,9,0.889,0.889
A2,structure,flat,all,9,0.778,0.667
A2,structure,interleaved,all,17,0.765,0.529
A2,structure,threaded,all,10,0.6,0.6
A2,type,contradiction,all,11,1.0,0.727
A2,type,deadline_passed,all,7,0.143,0.571
A2,type,repeat_question,all,8,0.875,0.375
A2,type,stale_quote,all,10,0.7,0.6
A2,form,correction,clean,5,0.6,0.2
A2,form,cross_ref,clean,3,0.667,0.333
A2,form,distributed,clean,4,1.0,0.75
A2,form,ellipsis,clean,2,1.0,1.0
A2,form,explicit,clean,11,0.455,0.727
A2,form,reaction,clean,3,1.0,0.333
A2~gpt,form,correction,all,8,0.75,0.375
A2~gpt,form,cross_ref,all,5,0.4,0.6
A2~gpt,form,distributed,all,4,1.0,0.75
A2~gpt,form,ellipsis,all,5,0.0,0.6
A2~gpt,form,explicit,all,11,0.727,0.727
A2~gpt,form,reaction,all,3,0.333,0.333
A2~gpt,bucket,cross,all,19,0.526,0.421
A2~gpt,bucket,far,all,8,0.5,0.625
A2~gpt,bucket,near,all,9,0.778,0.889
A2~gpt,structure,flat,all,9,0.556,0.667
A2~gpt,structure,interleaved,all,17,0.765,0.529
A2~gpt,structure,threaded,all,10,0.3,0.6
A2~gpt,type,contradiction,all,11,0.636,0.727
A2~gpt,type,deadline_passed,all,7,0.571,0.571
A2~gpt,type,repeat_question,all,8,0.625,0.375
A2~gpt,type,stale_quote,all,10,0.5,0.6
A2~gpt,form,correction,clean,5,0.6,0.2
A2~gpt,form,cross_ref,clean,3,0.0,0.333
A2~gpt,form,distributed,clean,4,1.0,0.75
A2~gpt,form,ellipsis,clean,2,0.0,1.0
A2~gpt,form,explicit,clean,11,0.727,0.727
A2~gpt,form,reaction,clean,3,0.333,0.333
A2~haiku,form,correction,all,8,0.625,0.375
A2~haiku,form,cross_ref,all,5,0.2,0.6
A2~haiku,form,distributed,all,4,1.0,0.75
A2~haiku,form,ellipsis,all,5,0.6,0.6
A2~haiku,form,explicit,all,11,0.455,0.727
A2~haiku,form,reaction,all,3,0.667,0.333
A2~haiku,bucket,cross,all,19,0.474,0.421
A2~haiku,bucket,far,all,8,0.75,0.625
A2~haiku,bucket,near,all,9,0.556,0.889
A2~haiku,structure,flat,all,9,0.667,0.667
A2~haiku,structure,interleaved,all,17,0.588,0.529
A2~haiku,structure,threaded,all,10,0.4,0.6
A2~haiku,type,contradiction,all,11,0.818,0.727
A2~haiku,type,deadline_passed,all,7,0.143,0.571
A2~haiku,type,repeat_question,all,8,0.75,0.375
A2~haiku,type,stale_quote,all,10,0.4,0.6
A2~haiku,form,correction,clean,5,0.4,0.2
A2~haiku,form,cross_ref,clean,3,0.0,0.333
A2~haiku,form,distributed,clean,4,1.0,0.75
A2~haiku,form,ellipsis,clean,2,0.5,1.0
A2~haiku,form,explicit,clean,11,0.455,0.727
A2~haiku,form,reaction,clean,3,0.667,0.333
A3,form,correction,all,8,0.875,0.5
A3,form,cross_ref,all,5,0.6,0.6
A3,form,distributed,all,4,1.0,0.75
A3,form,ellipsis,all,5,0.8,0.8
A3,form,explicit,all,11,0.364,0.727
A3,form,reaction,all,3,0.667,0.333
A3,bucket,cross,all,19,0.421,0.421
A3,bucket,far,all,8,1.0,0.75
A3,bucket,near,all,9,0.889,1.0
A3,structure,flat,all,9,0.667,0.889
A3,structure,interleaved,all,17,0.765,0.529
A3,structure,threaded,all,10,0.5,0.6
A3,type,contradiction,all,11,0.909,0.727
A3,type,deadline_passed,all,7,0.0,0.571
A3,type,repeat_question,all,8,0.875,0.5
A3,type,stale_quote,all,10,0.7,0.7
A3,form,correction,clean,5,0.8,0.4
A3,form,cross_ref,clean,3,0.333,0.333
A3,form,distributed,clean,4,1.0,0.75
A3,form,ellipsis,clean,2,1.0,1.0
A3,form,explicit,clean,11,0.364,0.727
A3,form,reaction,clean,3,0.667,0.333
A3~gpt,form,correction,all,8,0.75,0.5
A3~gpt,form,cross_ref,all,5,0.6,0.6
A3~gpt,form,distributed,all,4,1.0,0.75
A3~gpt,form,ellipsis,all,5,0.2,0.8
A3~gpt,form,explicit,all,11,0.636,0.727
A3~gpt,form,reaction,all,3,0.333,0.333
A3~gpt,bucket,cross,all,19,0.526,0.421
A3~gpt,bucket,far,all,8,0.625,0.75
A3~gpt,bucket,near,all,9,0.778,1.0
A3~gpt,structure,flat,all,9,0.556,0.889
A3~gpt,structure,interleaved,all,17,0.765,0.529
A3~gpt,structure,threaded,all,10,0.4,0.6
A3~gpt,type,contradiction,all,11,0.636,0.727
A3~gpt,type,deadline_passed,all,7,0.429,0.571
A3~gpt,type,repeat_question,all,8,0.75,0.5
A3~gpt,type,stale_quote,all,10,0.6,0.7
A3~gpt,form,correction,clean,5,0.6,0.4
A3~gpt,form,cross_ref,clean,3,0.333,0.333
A3~gpt,form,distributed,clean,4,1.0,0.75
A3~gpt,form,ellipsis,clean,2,0.0,1.0
A3~gpt,form,explicit,clean,11,0.636,0.727
A3~gpt,form,reaction,clean,3,0.333,0.333
AG-both,form,correction,all,8,0.75,0.75
AG-both,form,cross_ref,all,5,1.0,1.0
AG-both,form,distributed,all,4,1.0,1.0
AG-both,form,ellipsis,all,5,0.8,1.0
AG-both,form,explicit,all,11,0.364,0.455
AG-both,form,reaction,all,3,0.667,0.667
AG-both,bucket,cross,all,19,0.579,0.632
AG-both,bucket,far,all,8,0.75,0.75
AG-both,bucket,near,all,9,0.889,1.0
AG-both,structure,flat,all,9,0.667,0.889
AG-both,structure,interleaved,all,17,0.706,0.706
AG-both,structure,threaded,all,10,0.7,0.7
AG-both,type,contradiction,all,11,0.909,0.818
AG-both,type,deadline_passed,all,7,0.0,0.286
AG-both,type,repeat_question,all,8,0.875,0.875
AG-both,type,stale_quote,all,10,0.8,0.9
AG-both,form,correction,clean,5,0.6,0.6
AG-both,form,cross_ref,clean,3,1.0,1.0
AG-both,form,distributed,clean,4,1.0,1.0
AG-both,form,ellipsis,clean,2,1.0,1.0
AG-both,form,explicit,clean,11,0.364,0.455
AG-both,form,reaction,clean,3,0.667,0.667
AG-grep,form,correction,all,8,0.75,0.75
AG-grep,form,cross_ref,all,5,1.0,1.0
AG-grep,form,distributed,all,4,1.0,1.0
AG-grep,form,ellipsis,all,5,0.8,1.0
AG-grep,form,explicit,all,11,0.364,0.364
AG-grep,form,reaction,all,3,0.667,0.667
AG-grep,bucket,cross,all,19,0.579,0.579
AG-grep,bucket,far,all,8,0.75,0.75
AG-grep,bucket,near,all,9,0.889,1.0
AG-grep,structure,flat,all,9,0.667,0.889
AG-grep,structure,interleaved,all,17,0.706,0.647
AG-grep,structure,threaded,all,10,0.7,0.7
AG-grep,type,contradiction,all,11,0.909,0.818
AG-grep,type,deadline_passed,all,7,0.0,0.143
AG-grep,type,repeat_question,all,8,0.875,0.875
AG-grep,type,stale_quote,all,10,0.8,0.9
AG-grep,form,correction,clean,5,0.6,0.6
AG-grep,form,cross_ref,clean,3,1.0,1.0
AG-grep,form,distributed,clean,4,1.0,1.0
AG-grep,form,ellipsis,clean,2,1.0,1.0
AG-grep,form,explicit,clean,11,0.364,0.364
AG-grep,form,reaction,clean,3,0.667,0.667
AG-grep~haiku,form,correction,all,8,0.5,0.5
AG-grep~haiku,form,cross_ref,all,5,0.4,0.4
AG-grep~haiku,form,distributed,all,4,0.75,0.5
AG-grep~haiku,form,ellipsis,all,5,0.6,0.8
AG-grep~haiku,form,explicit,all,11,0.545,0.364
AG-grep~haiku,form,reaction,all,3,0.333,0.333
AG-grep~haiku,bucket,cross,all,19,0.474,0.263
AG-grep~haiku,bucket,far,all,8,0.5,0.5
AG-grep~haiku,bucket,near,all,9,0.667,0.889
AG-grep~haiku,structure,flat,all,9,0.667,0.667
AG-grep~haiku,structure,interleaved,all,17,0.412,0.412
AG-grep~haiku,structure,threaded,all,10,0.6,0.4
AG-grep~haiku,type,contradiction,all,11,0.545,0.545
AG-grep~haiku,type,deadline_passed,all,7,0.429,0.143
AG-grep~haiku,type,repeat_question,all,8,0.75,0.625
AG-grep~haiku,type,stale_quote,all,10,0.4,0.5
AG-grep~haiku,form,correction,clean,5,0.2,0.2
AG-grep~haiku,form,cross_ref,clean,3,0.0,0.0
AG-grep~haiku,form,distributed,clean,4,0.75,0.5
AG-grep~haiku,form,ellipsis,clean,2,0.5,1.0
AG-grep~haiku,form,explicit,clean,11,0.545,0.364
AG-grep~haiku,form,reaction,clean,3,0.333,0.333
B1,form,correction,all,8,0.875,0.625
B1,form,cross_ref,all,5,0.6,0.4
B1,form,distributed,all,4,0.75,0.5
B1,form,ellipsis,all,5,1.0,1.0
B1,form,explicit,all,11,0.364,0.545
B1,form,reaction,all,3,1.0,0.667
B1,bucket,cross,all,19,0.526,0.421
B1,bucket,far,all,8,0.75,0.625
B1,bucket,near,all,9,1.0,1.0
B1,structure,flat,all,9,0.889,1.0
B1,structure,interleaved,all,17,0.765,0.529
B1,structure,threaded,all,10,0.4,0.4
B1,type,contradiction,all,11,0.909,0.727
B1,type,deadline_passed,all,7,0.143,0.429
B1,type,repeat_question,all,8,0.75,0.5
B1,type,stale_quote,all,10,0.8,0.7
B1,form,correction,clean,5,0.8,0.6
B1,form,cross_ref,clean,3,0.333,0.0
B1,form,distributed,clean,4,0.75,0.5
B1,form,ellipsis,clean,2,1.0,1.0
B1,form,explicit,clean,11,0.364,0.545
B1,form,reaction,clean,3,1.0,0.667
B2,form,correction,all,8,1.0,0.875
B2,form,cross_ref,all,5,0.6,0.4
B2,form,distributed,all,4,0.75,0.75
B2,form,ellipsis,all,5,0.8,1.0
B2,form,explicit,all,11,0.545,0.727
B2,form,reaction,all,3,1.0,0.667
B2,bucket,cross,all,19,0.526,0.632
B2,bucket,far,all,8,1.0,0.75
B2,bucket,near,all,9,1.0,1.0
B2,structure,flat,all,9,0.778,1.0
B2,structure,interleaved,all,17,0.824,0.765
B2,structure,threaded,all,10,0.6,0.5
B2,type,contradiction,all,11,0.909,0.818
B2,type,deadline_passed,all,7,0.286,0.571
B2,type,repeat_question,all,8,0.875,0.875
B2,type,stale_quote,all,10,0.8,0.7
B2,form,correction,clean,5,1.0,0.8
B2,form,cross_ref,clean,3,0.333,0.0
B2,form,distributed,clean,4,0.75,0.75
B2,form,ellipsis,clean,2,1.0,1.0
B2,form,explicit,clean,11,0.545,0.727
B2,form,reaction,clean,3,1.0,0.667
B3,form,correction,all,8,0.875,0.625
B3,form,cross_ref,all,5,0.8,0.4
B3,form,distributed,all,4,1.0,0.75
B3,form,ellipsis,all,5,0.8,1.0
B3,form,explicit,all,11,0.636,0.727
B3,form,reaction,all,3,1.0,0.667
B3,bucket,cross,all,19,0.684,0.526
B3,bucket,far,all,8,1.0,0.75
B3,bucket,near,all,9,0.889,1.0
B3,structure,flat,all,9,0.889,1.0
B3,structure,interleaved,all,17,0.824,0.647
B3,structure,threaded,all,10,0.7,0.5
B3,type,contradiction,all,11,1.0,0.818
B3,type,deadline_passed,all,7,0.429,0.571
B3,type,repeat_question,all,8,0.875,0.625
B3,type,stale_quote,all,10,0.8,0.7
B3,form,correction,clean,5,0.8,0.6
B3,form,cross_ref,clean,3,0.667,0.0
B3,form,distributed,clean,4,1.0,0.75
B3,form,ellipsis,clean,2,1.0,1.0
B3,form,explicit,clean,11,0.636,0.727
B3,form,reaction,clean,3,1.0,0.667
B3+OI,form,correction,all,8,0.875,0.625
B3+OI,form,cross_ref,all,5,0.4,0.4
B3+OI,form,distributed,all,4,1.0,0.75
B3+OI,form,ellipsis,all,5,0.6,1.0
B3+OI,form,explicit,all,11,0.636,0.727
B3+OI,form,reaction,all,3,1.0,0.667
B3+OI,bucket,cross,all,19,0.579,0.526
B3+OI,bucket,far,all,8,0.875,0.75
B3+OI,bucket,near,all,9,0.889,1.0
B3+OI,structure,flat,all,9,0.889,1.0
B3+OI,structure,interleaved,all,17,0.765,0.647
B3+OI,structure,threaded,all,10,0.5,0.5
B3+OI,type,contradiction,all,11,1.0,0.818
B3+OI,type,deadline_passed,all,7,0.429,0.571
B3+OI,type,repeat_question,all,8,0.75,0.625
B3+OI,type,stale_quote,all,10,0.6,0.7
B3+OI,form,correction,clean,5,0.8,0.6
B3+OI,form,cross_ref,clean,3,0.0,0.0
B3+OI,form,distributed,clean,4,1.0,0.75
B3+OI,form,ellipsis,clean,2,1.0,1.0
B3+OI,form,explicit,clean,11,0.636,0.727
B3+OI,form,reaction,clean,3,1.0,0.667
B3~gpt,form,correction,all,8,0.875,0.625
B3~gpt,form,cross_ref,all,5,0.4,0.4
B3~gpt,form,distributed,all,4,0.75,0.75
B3~gpt,form,ellipsis,all,5,0.2,1.0
B3~gpt,form,explicit,all,11,0.727,0.727
B3~gpt,form,reaction,all,3,1.0,0.667
B3~gpt,bucket,cross,all,19,0.579,0.526
B3~gpt,bucket,far,all,8,0.75,0.75
B3~gpt,bucket,near,all,9,0.778,1.0
B3~gpt,structure,flat,all,9,0.778,1.0
B3~gpt,structure,interleaved,all,17,0.765,0.647
B3~gpt,structure,threaded,all,10,0.4,0.5
B3~gpt,type,contradiction,all,11,0.727,0.818
B3~gpt,type,deadline_passed,all,7,0.571,0.571
B3~gpt,type,repeat_question,all,8,0.75,0.625
B3~gpt,type,stale_quote,all,10,0.6,0.7
B3~gpt,form,correction,clean,5,0.8,0.6
B3~gpt,form,cross_ref,clean,3,0.0,0.0
B3~gpt,form,distributed,clean,4,0.75,0.75
B3~gpt,form,ellipsis,clean,2,0.0,1.0
B3~gpt,form,explicit,clean,11,0.727,0.727
B3~gpt,form,reaction,clean,3,1.0,0.667
B3~haiku,form,correction,all,8,0.875,0.625
B3~haiku,form,cross_ref,all,5,0.2,0.4
B3~haiku,form,distributed,all,4,1.0,0.75
B3~haiku,form,ellipsis,all,5,0.4,1.0
B3~haiku,form,explicit,all,11,0.545,0.727
B3~haiku,form,reaction,all,3,0.333,0.667
B3~haiku,bucket,cross,all,19,0.526,0.526
B3~haiku,bucket,far,all,8,0.75,0.75
B3~haiku,bucket,near,all,9,0.556,1.0
B3~haiku,structure,flat,all,9,0.556,1.0
B3~haiku,structure,interleaved,all,17,0.647,0.647
B3~haiku,structure,threaded,all,10,0.5,0.5
B3~haiku,type,contradiction,all,11,0.727,0.818
B3~haiku,type,deadline_passed,all,7,0.286,0.571
B3~haiku,type,repeat_question,all,8,0.75,0.625
B3~haiku,type,stale_quote,all,10,0.5,0.7
B3~haiku,form,correction,clean,5,0.8,0.6
B3~haiku,form,cross_ref,clean,3,0.0,0.0
B3~haiku,form,distributed,clean,4,1.0,0.75
B3~haiku,form,ellipsis,clean,2,0.5,1.0
B3~haiku,form,explicit,clean,11,0.545,0.727
B3~haiku,form,reaction,clean,3,0.333,0.667
B3~s1,form,correction,all,8,0.875,0.625
B3~s1,form,cross_ref,all,5,0.8,0.4
B3~s1,form,distributed,all,4,1.0,0.75
B3~s1,form,ellipsis,all,5,0.8,1.0
B3~s1,form,explicit,all,11,0.364,0.727
B3~s1,form,reaction,all,3,1.0,0.667
B3~s1,bucket,cross,all,19,0.526,0.526
B3~s1,bucket,far,all,8,1.0,0.75
B3~s1,bucket,near,all,9,0.889,1.0
B3~s1,structure,flat,all,9,0.667,1.0
B3~s1,structure,interleaved,all,17,0.824,0.647
B3~s1,structure,threaded,all,10,0.6,0.5
B3~s1,type,contradiction,all,11,1.0,0.818
B3~s1,type,deadline_passed,all,7,0.0,0.571
B3~s1,type,repeat_question,all,8,0.875,0.625
B3~s1,type,stale_quote,all,10,0.8,0.7
B3~s1,form,correction,clean,5,0.8,0.6
B3~s1,form,cross_ref,clean,3,0.667,0.0
B3~s1,form,distributed,clean,4,1.0,0.75
B3~s1,form,ellipsis,clean,2,1.0,1.0
B3~s1,form,explicit,clean,11,0.364,0.727
B3~s1,form,reaction,clean,3,1.0,0.667
C1,form,correction,all,8,0.75,0.75
C1,form,cross_ref,all,5,0.6,0.4
C1,form,distributed,all,4,1.0,0.5
C1,form,ellipsis,all,5,0.6,0.8
C1,form,explicit,all,11,0.364,0.273
C1,form,reaction,all,3,0.333,0.333
C1,bucket,cross,all,19,0.316,0.211
C1,bucket,far,all,8,0.875,0.625
C1,bucket,near,all,9,0.889,1.0
C1,structure,flat,all,9,0.556,0.667
C1,structure,interleaved,all,17,0.647,0.529
C1,structure,threaded,all,10,0.5,0.3
C1,type,contradiction,all,11,0.818,0.636
C1,type,deadline_passed,all,7,0.0,0.0
C1,type,repeat_question,all,8,0.625,0.5
C1,type,stale_quote,all,10,0.7,0.7
C1,form,correction,clean,5,0.6,0.6
C1,form,cross_ref,clean,3,0.333,0.0
C1,form,distributed,clean,4,1.0,0.5
C1,form,ellipsis,clean,2,1.0,1.0
C1,form,explicit,clean,11,0.364,0.273
C1,form,reaction,clean,3,0.333,0.333
C2,form,correction,all,8,0.75,0.75
C2,form,cross_ref,all,5,0.8,0.4
C2,form,distributed,all,4,1.0,1.0
C2,form,ellipsis,all,5,0.8,0.8
C2,form,explicit,all,11,0.364,0.455
C2,form,reaction,all,3,0.333,0.333
C2,bucket,cross,all,19,0.421,0.421
C2,bucket,far,all,8,0.875,0.75
C2,bucket,near,all,9,0.889,0.889
C2,structure,flat,all,9,0.556,0.778
C2,structure,interleaved,all,17,0.706,0.647
C2,structure,threaded,all,10,0.6,0.4
C2,type,contradiction,all,11,0.818,0.818
C2,type,deadline_passed,all,7,0.0,0.143
C2,type,repeat_question,all,8,0.75,0.75
C2,type,stale_quote,all,10,0.8,0.6
C2,form,correction,clean,5,0.8,0.8
C2,form,cross_ref,clean,3,0.667,0.0
C2,form,distributed,clean,4,1.0,1.0
C2,form,ellipsis,clean,2,1.0,1.0
C2,form,explicit,clean,11,0.364,0.455
C2,form,reaction,clean,3,0.333,0.333
C3,form,correction,all,8,0.875,0.75
C3,form,cross_ref,all,5,1.0,0.4
C3,form,distributed,all,4,1.0,0.75
C3,form,ellipsis,all,5,0.6,0.8
C3,form,explicit,all,11,0.455,0.455
C3,form,reaction,all,3,0.333,0.333
C3,bucket,cross,all,19,0.526,0.368
C3,bucket,far,all,8,0.875,0.75
C3,bucket,near,all,9,0.889,0.889
C3,structure,flat,all,9,0.667,0.778
C3,structure,interleaved,all,17,0.706,0.647
C3,structure,threaded,all,10,0.7,0.3
C3,type,contradiction,all,11,0.818,0.727
C3,type,deadline_passed,all,7,0.143,0.286
C3,type,repeat_question,all,8,0.75,0.625
C3,type,stale_quote,all,10,0.9,0.6
C3,form,correction,clean,5,0.8,0.6
C3,form,cross_ref,clean,3,1.0,0.0
C3,form,distributed,clean,4,1.0,0.75
C3,form,ellipsis,clean,2,1.0,1.0
C3,form,explicit,clean,11,0.455,0.455
C3,form,reaction,clean,3,0.333,0.333
C3~gpt,form,correction,all,8,0.875,0.75
C3~gpt,form,cross_ref,all,5,0.6,0.4
C3~gpt,form,distributed,all,4,1.0,0.75
C3~gpt,form,ellipsis,all,5,0.2,0.8
C3~gpt,form,explicit,all,11,0.636,0.455
C3~gpt,form,reaction,all,3,0.0,0.333
C3~gpt,bucket,cross,all,19,0.579,0.368
C3~gpt,bucket,far,all,8,0.625,0.75
C3~gpt,bucket,near,all,9,0.667,0.889
C3~gpt,structure,flat,all,9,0.444,0.778
C3~gpt,structure,interleaved,all,17,0.824,0.647
C3~gpt,structure,threaded,all,10,0.4,0.3
C3~gpt,type,contradiction,all,11,0.545,0.727
C3~gpt,type,deadline_passed,all,7,0.429,0.286
C3~gpt,type,repeat_question,all,8,0.75,0.625
C3~gpt,type,stale_quote,all,10,0.7,0.6
C3~gpt,form,correction,clean,5,0.8,0.6
C3~gpt,form,cross_ref,clean,3,0.333,0.0
C3~gpt,form,distributed,clean,4,1.0,0.75
C3~gpt,form,ellipsis,clean,2,0.0,1.0
C3~gpt,form,explicit,clean,11,0.636,0.455
C3~gpt,form,reaction,clean,3,0.0,0.333
C3~haiku,form,correction,all,8,0.875,0.75
C3~haiku,form,cross_ref,all,5,0.4,0.4
C3~haiku,form,distributed,all,4,1.0,0.75
C3~haiku,form,ellipsis,all,5,0.6,0.8
C3~haiku,form,explicit,all,11,0.545,0.455
C3~haiku,form,reaction,all,3,0.333,0.333
C3~haiku,bucket,cross,all,19,0.632,0.368
C3~haiku,bucket,far,all,8,0.75,0.75
C3~haiku,bucket,near,all,9,0.556,0.889
C3~haiku,structure,flat,all,9,0.778,0.778
C3~haiku,structure,interleaved,all,17,0.647,0.647
C3~haiku,structure,threaded,all,10,0.5,0.3
C3~haiku,type,contradiction,all,11,0.727,0.727
C3~haiku,type,deadline_passed,all,7,0.286,0.286
C3~haiku,type,repeat_question,all,8,0.875,0.625
C3~haiku,type,stale_quote,all,10,0.6,0.6
C3~haiku,form,correction,clean,5,0.8,0.6
C3~haiku,form,cross_ref,clean,3,0.333,0.0
C3~haiku,form,distributed,clean,4,1.0,0.75
C3~haiku,form,ellipsis,clean,2,0.5,1.0
C3~haiku,form,explicit,clean,11,0.545,0.455
C3~haiku,form,reaction,clean,3,0.333,0.333
Cs2,form,correction,all,8,0.75,0.75
Cs2,form,cross_ref,all,5,0.6,0.6
Cs2,form,distributed,all,4,1.0,1.0
Cs2,form,ellipsis,all,5,0.8,0.8
Cs2,form,explicit,all,11,0.455,0.545
Cs2,form,reaction,all,3,0.667,0.667
Cs2,bucket,cross,all,19,0.474,0.526
Cs2,bucket,far,all,8,0.875,0.875
Cs2,bucket,near,all,9,0.889,0.889
Cs2,structure,flat,all,9,0.778,0.889
Cs2,structure,interleaved,all,17,0.706,0.706
Cs2,structure,threaded,all,10,0.5,0.5
Cs2,type,contradiction,all,11,0.909,0.909
Cs2,type,deadline_passed,all,7,0.143,0.286
Cs2,type,repeat_question,all,8,0.75,0.75
Cs2,type,stale_quote,all,10,0.7,0.7
Cs2,form,correction,clean,5,0.8,0.8
Cs2,form,cross_ref,clean,3,0.333,0.333
Cs2,form,distributed,clean,4,1.0,1.0
Cs2,form,ellipsis,clean,2,1.0,1.0
Cs2,form,explicit,clean,11,0.455,0.545
Cs2,form,reaction,clean,3,0.667,0.667
D1,form,correction,all,8,0.75,0.75
D1,form,cross_ref,all,5,1.0,0.6
D1,form,distributed,all,4,1.0,0.5
D1,form,ellipsis,all,5,0.8,0.8
D1,form,explicit,all,11,0.455,0.455
D1,form,reaction,all,3,1.0,0.667
D1,bucket,cross,all,19,0.579,0.368
D1,bucket,far,all,8,1.0,0.75
D1,bucket,near,all,9,0.889,1.0
D1,structure,flat,all,9,0.778,0.778
D1,structure,interleaved,all,17,0.824,0.588
D1,structure,threaded,all,10,0.6,0.5
D1,type,contradiction,all,11,1.0,0.727
D1,type,deadline_passed,all,7,0.286,0.286
D1,type,repeat_question,all,8,0.625,0.5
D1,type,stale_quote,all,10,0.9,0.8
D1,form,correction,clean,5,0.6,0.6
D1,form,cross_ref,clean,3,1.0,0.333
D1,form,distributed,clean,4,1.0,0.5
D1,form,ellipsis,clean,2,1.0,1.0
D1,form,explicit,clean,11,0.455,0.455
D1,form,reaction,clean,3,1.0,0.667
D2,form,correction,all,8,0.875,0.625
D2,form,cross_ref,all,5,1.0,0.8
D2,form,distributed,all,4,0.75,0.75
D2,form,ellipsis,all,5,0.6,0.8
D2,form,explicit,all,11,0.636,0.545
D2,form,reaction,all,3,1.0,1.0
D2,bucket,cross,all,19,0.632,0.474
D2,bucket,far,all,8,1.0,0.875
D2,bucket,near,all,9,0.889,1.0
D2,structure,flat,all,9,0.778,0.778
D2,structure,interleaved,all,17,0.765,0.647
D2,structure,threaded,all,10,0.8,0.7
D2,type,contradiction,all,11,0.909,0.909
D2,type,deadline_passed,all,7,0.429,0.286
D2,type,repeat_question,all,8,0.75,0.625
D2,type,stale_quote,all,10,0.9,0.8
D2,form,correction,clean,5,0.8,0.4
D2,form,cross_ref,clean,3,1.0,0.667
D2,form,distributed,clean,4,0.75,0.75
D2,form,ellipsis,clean,2,1.0,1.0
D2,form,explicit,clean,11,0.636,0.545
D2,form,reaction,clean,3,1.0,1.0
D2~gpt,form,correction,all,8,0.875,0.625
D2~gpt,form,cross_ref,all,5,1.0,0.8
D2~gpt,form,distributed,all,4,0.75,0.75
D2~gpt,form,ellipsis,all,5,0.4,0.8
D2~gpt,form,explicit,all,11,0.545,0.545
D2~gpt,form,reaction,all,3,1.0,1.0
D2~gpt,bucket,cross,all,19,0.632,0.474
D2~gpt,bucket,far,all,8,0.875,0.875
D2~gpt,bucket,near,all,9,0.778,1.0
D2~gpt,structure,flat,all,9,0.444,0.778
D2~gpt,structure,interleaved,all,17,0.765,0.647
D2~gpt,structure,threaded,all,10,0.9,0.7
D2~gpt,type,contradiction,all,11,0.727,0.909
D2~gpt,type,deadline_passed,all,7,0.429,0.286
D2~gpt,type,repeat_question,all,8,0.75,0.625
D2~gpt,type,stale_quote,all,10,0.9,0.8
D2~gpt,form,correction,clean,5,0.8,0.4
D2~gpt,form,cross_ref,clean,3,1.0,0.667
D2~gpt,form,distributed,clean,4,0.75,0.75
D2~gpt,form,ellipsis,clean,2,0.5,1.0
D2~gpt,form,explicit,clean,11,0.545,0.545
D2~gpt,form,reaction,clean,3,1.0,1.0
D2~haiku,form,correction,all,8,0.75,0.625
D2~haiku,form,cross_ref,all,5,0.8,0.8
D2~haiku,form,distributed,all,4,0.75,0.75
D2~haiku,form,ellipsis,all,5,0.6,0.8
D2~haiku,form,explicit,all,11,0.455,0.545
D2~haiku,form,reaction,all,3,0.333,1.0
D2~haiku,bucket,cross,all,19,0.474,0.474
D2~haiku,bucket,far,all,8,0.75,0.875
D2~haiku,bucket,near,all,9,0.778,1.0
D2~haiku,structure,flat,all,9,0.778,0.778
D2~haiku,structure,interleaved,all,17,0.529,0.647
D2~haiku,structure,threaded,all,10,0.6,0.7
D2~haiku,type,contradiction,all,11,0.727,0.909
D2~haiku,type,deadline_passed,all,7,0.286,0.286
D2~haiku,type,repeat_question,all,8,0.5,0.625
D2~haiku,type,stale_quote,all,10,0.8,0.8
D2~haiku,form,correction,clean,5,0.6,0.4
D2~haiku,form,cross_ref,clean,3,0.667,0.667
D2~haiku,form,distributed,clean,4,0.75,0.75
D2~haiku,form,ellipsis,clean,2,1.0,1.0
D2~haiku,form,explicit,clean,11,0.455,0.545
D2~haiku,form,reaction,clean,3,0.333,1.0
D2~s1,form,correction,all,8,0.875,0.625
D2~s1,form,cross_ref,all,5,1.0,0.8
D2~s1,form,distributed,all,4,0.75,0.75
D2~s1,form,ellipsis,all,5,0.6,0.8
D2~s1,form,explicit,all,11,0.636,0.545
D2~s1,form,reaction,all,3,1.0,1.0
D2~s1,bucket,cross,all,19,0.632,0.474
D2~s1,bucket,far,all,8,1.0,0.875
D2~s1,bucket,near,all,9,0.889,1.0
D2~s1,structure,flat,all,9,0.778,0.778
D2~s1,structure,interleaved,all,17,0.765,0.647
D2~s1,structure,threaded,all,10,0.8,0.7
D2~s1,type,contradiction,all,11,0.909,0.909
D2~s1,type,deadline_passed,all,7,0.429,0.286
D2~s1,type,repeat_question,all,8,0.75,0.625
D2~s1,type,stale_quote,all,10,0.9,0.8
D2~s1,form,correction,clean,5,0.8,0.4
D2~s1,form,cross_ref,clean,3,1.0,0.667
D2~s1,form,distributed,clean,4,0.75,0.75
D2~s1,form,ellipsis,clean,2,1.0,1.0
D2~s1,form,explicit,clean,11,0.636,0.545
D2~s1,form,reaction,clean,3,1.0,1.0
D3,form,correction,all,8,0.875,0.75
D3,form,cross_ref,all,5,0.8,0.6
D3,form,distributed,all,4,0.75,0.5
D3,form,ellipsis,all,5,0.6,0.8
D3,form,explicit,all,11,0.455,0.455
D3,form,reaction,all,3,1.0,1.0
D3,bucket,cross,all,19,0.526,0.368
D3,bucket,far,all,8,0.875,0.875
D3,bucket,near,all,9,0.889,1.0
D3,structure,flat,all,9,0.778,0.778
D3,structure,interleaved,all,17,0.706,0.647
D3,structure,threaded,all,10,0.6,0.5
D3,type,contradiction,all,11,0.909,0.818
D3,type,deadline_passed,all,7,0.286,0.286
D3,type,repeat_question,all,8,0.625,0.5
D3,type,stale_quote,all,10,0.8,0.8
D3,form,correction,clean,5,0.8,0.6
D3,form,cross_ref,clean,3,0.667,0.333
D3,form,distributed,clean,4,0.75,0.5
D3,form,ellipsis,clean,2,1.0,1.0
D3,form,explicit,clean,11,0.455,0.455
D3,form,reaction,clean,3,1.0,1.0
E1,form,correction,all,8,1.0,0.875
E1,form,cross_ref,all,5,0.6,0.6
E1,form,distributed,all,4,1.0,1.0
E1,form,ellipsis,all,5,1.0,1.0
E1,form,explicit,all,11,0.273,0.818
E1,form,reaction,all,3,1.0,0.667
E1,bucket,cross,all,19,0.474,0.737
E1,bucket,far,all,8,1.0,0.875
E1,bucket,near,all,9,1.0,1.0
E1,structure,flat,all,9,0.778,0.889
E1,structure,interleaved,all,17,0.882,0.882
E1,structure,threaded,all,10,0.4,0.7
E1,type,contradiction,all,11,1.0,0.909
E1,type,deadline_passed,all,7,0.0,0.857
E1,type,repeat_question,all,8,0.875,0.75
E1,type,stale_quote,all,10,0.8,0.8
E1,form,correction,clean,5,1.0,1.0
E1,form,cross_ref,clean,3,0.333,0.333
E1,form,distributed,clean,4,1.0,1.0
E1,form,ellipsis,clean,2,1.0,1.0
E1,form,explicit,clean,11,0.273,0.818
E1,form,reaction,clean,3,1.0,0.667
E1+OI,form,correction,all,8,1.0,0.875
E1+OI,form,cross_ref,all,5,0.8,0.6
E1+OI,form,distributed,all,4,1.0,1.0
E1+OI,form,ellipsis,all,5,0.8,1.0
E1+OI,form,explicit,all,10,0.6,0.8
E1+OI,form,reaction,all,3,1.0,0.667
E1+OI,bucket,cross,all,18,0.667,0.722
E1+OI,bucket,far,all,8,1.0,0.875
E1+OI,bucket,near,all,9,1.0,1.0
E1+OI,structure,flat,all,8,0.75,0.875
E1+OI,structure,interleaved,all,17,0.941,0.882
E1+OI,structure,threaded,all,10,0.7,0.7
E1+OI,type,contradiction,all,11,1.0,0.909
E1+OI,type,deadline_passed,all,6,0.5,0.833
E1+OI,type,repeat_question,all,8,0.75,0.75
E1+OI,type,stale_quote,all,10,0.9,0.8
E1+OI,form,correction,clean,5,1.0,1.0
E1+OI,form,cross_ref,clean,3,0.667,0.333
E1+OI,form,distributed,clean,4,1.0,1.0
E1+OI,form,ellipsis,clean,2,1.0,1.0
E1+OI,form,explicit,clean,10,0.6,0.8
E1+OI,form,reaction,clean,3,1.0,0.667
E1+T,form,correction,all,8,0.75,0.875
E1+T,form,cross_ref,all,5,1.0,0.6
E1+T,form,distributed,all,4,1.0,1.0
E1+T,form,ellipsis,all,5,0.8,1.0
E1+T,form,explicit,all,11,0.455,0.818
E1+T,form,reaction,all,3,1.0,0.667
E1+T,bucket,cross,all,19,0.632,0.737
E1+T,bucket,far,all,8,0.875,0.875
E1+T,bucket,near,all,9,0.889,1.0
E1+T,structure,flat,all,9,0.778,0.889
E1+T,structure,interleaved,all,17,0.765,0.882
E1+T,structure,threaded,all,10,0.7,0.7
E1+T,type,contradiction,all,11,1.0,0.909
E1+T,type,deadline_passed,all,7,0.286,0.857
E1+T,type,repeat_question,all,8,0.75,0.75
E1+T,type,stale_quote,all,10,0.8,0.8
E1+T,form,correction,clean,5,0.6,1.0
E1+T,form,cross_ref,clean,3,1.0,0.333
E1+T,form,distributed,clean,4,1.0,1.0
E1+T,form,ellipsis,clean,2,1.0,1.0
E1+T,form,explicit,clean,11,0.455,0.818
E1+T,form,reaction,clean,3,1.0,0.667
E1@4000,form,correction,all,8,1.0,0.875
E1@4000,form,cross_ref,all,5,0.8,0.8
E1@4000,form,distributed,all,4,1.0,1.0
E1@4000,form,ellipsis,all,5,1.0,1.0
E1@4000,form,explicit,all,11,0.273,1.0
E1@4000,form,reaction,all,3,1.0,1.0
E1@4000,bucket,cross,all,19,0.526,0.895
E1@4000,bucket,far,all,8,1.0,1.0
E1@4000,bucket,near,all,9,1.0,1.0
E1@4000,structure,flat,all,9,0.778,1.0
E1@4000,structure,interleaved,all,17,0.882,0.941
E1@4000,structure,threaded,all,10,0.5,0.9
E1@4000,type,contradiction,all,11,1.0,1.0
E1@4000,type,deadline_passed,all,7,0.0,1.0
E1@4000,type,repeat_question,all,8,0.875,0.875
E1@4000,type,stale_quote,all,10,0.9,0.9
E1@4000,form,correction,clean,5,1.0,1.0
E1@4000,form,cross_ref,clean,3,0.667,0.667
E1@4000,form,distributed,clean,4,1.0,1.0
E1@4000,form,ellipsis,clean,2,1.0,1.0
E1@4000,form,explicit,clean,11,0.273,1.0
E1@4000,form,reaction,clean,3,1.0,1.0
E1@500,form,correction,all,8,0.875,0.875
E1@500,form,cross_ref,all,5,0.8,0.6
E1@500,form,distributed,all,4,1.0,0.75
E1@500,form,ellipsis,all,5,0.6,0.8
E1@500,form,explicit,all,11,0.273,0.455
E1@500,form,reaction,all,3,0.667,0.667
E1@500,bucket,cross,all,19,0.421,0.474
E1@500,bucket,far,all,8,0.875,0.75
E1@500,bucket,near,all,9,0.889,1.0
E1@500,structure,flat,all,9,0.667,0.889
E1@500,structure,interleaved,all,17,0.706,0.647
E1@500,structure,threaded,all,10,0.5,0.5
E1@500,type,contradiction,all,11,0.909,0.727
E1@500,type,deadline_passed,all,7,0.0,0.429
E1@500,type,repeat_question,all,8,0.625,0.625
E1@500,type,stale_quote,all,10,0.8,0.8
E1@500,form,correction,clean,5,0.8,1.0
E1@500,form,cross_ref,clean,3,0.667,0.333
E1@500,form,distributed,clean,4,1.0,0.75
E1@500,form,ellipsis,clean,2,1.0,1.0
E1@500,form,explicit,clean,11,0.273,0.455
E1@500,form,reaction,clean,3,0.667,0.667
E1~gpt,form,correction,all,8,0.875,0.875
E1~gpt,form,cross_ref,all,5,0.6,0.6
E1~gpt,form,distributed,all,4,1.0,1.0
E1~gpt,form,ellipsis,all,5,0.2,1.0
E1~gpt,form,explicit,all,11,0.364,0.818
E1~gpt,form,reaction,all,3,0.667,0.667
E1~gpt,bucket,cross,all,19,0.421,0.737
E1~gpt,bucket,far,all,8,0.75,0.875
E1~gpt,bucket,near,all,9,0.778,1.0
E1~gpt,structure,flat,all,9,0.556,0.889
E1~gpt,structure,interleaved,all,17,0.706,0.882
E1~gpt,structure,threaded,all,10,0.4,0.7
E1~gpt,type,contradiction,all,11,0.727,0.909
E1~gpt,type,deadline_passed,all,7,0.143,0.857
E1~gpt,type,repeat_question,all,8,0.625,0.75
E1~gpt,type,stale_quote,all,10,0.7,0.8
E1~gpt,form,correction,clean,5,0.8,1.0
E1~gpt,form,cross_ref,clean,3,0.333,0.333
E1~gpt,form,distributed,clean,4,1.0,1.0
E1~gpt,form,ellipsis,clean,2,0.0,1.0
E1~gpt,form,explicit,clean,11,0.364,0.818
E1~gpt,form,reaction,clean,3,0.667,0.667
E1~s1,form,correction,all,8,0.875,0.875
E1~s1,form,cross_ref,all,5,0.8,0.6
E1~s1,form,distributed,all,4,1.0,1.0
E1~s1,form,ellipsis,all,5,0.6,1.0
E1~s1,form,explicit,all,11,0.273,0.818
E1~s1,form,reaction,all,3,1.0,0.667
E1~s1,bucket,cross,all,19,0.421,0.737
E1~s1,bucket,far,all,8,0.875,0.875
E1~s1,bucket,near,all,9,1.0,1.0
E1~s1,structure,flat,all,9,0.667,0.889
E1~s1,structure,interleaved,all,17,0.765,0.882
E1~s1,structure,threaded,all,10,0.5,0.7
E1~s1,type,contradiction,all,11,1.0,0.909
E1~s1,type,deadline_passed,all,7,0.0,0.857
E1~s1,type,repeat_question,all,8,0.625,0.75
E1~s1,type,stale_quote,all,10,0.8,0.8
E1~s1,form,correction,clean,5,0.8,1.0
E1~s1,form,cross_ref,clean,3,0.667,0.333
E1~s1,form,distributed,clean,4,1.0,1.0
E1~s1,form,ellipsis,clean,2,1.0,1.0
E1~s1,form,explicit,clean,11,0.273,0.818
E1~s1,form,reaction,clean,3,1.0,0.667
E2,form,correction,all,8,0.75,0.875
E2,form,cross_ref,all,5,0.8,0.8
E2,form,distributed,all,4,1.0,0.75
E2,form,ellipsis,all,5,0.8,0.8
E2,form,explicit,all,11,0.455,0.727
E2,form,reaction,all,3,1.0,0.667
E2,bucket,cross,all,19,0.579,0.632
E2,bucket,far,all,8,0.875,0.875
E2,bucket,near,all,9,0.889,1.0
E2,structure,flat,all,9,0.778,0.889
E2,structure,interleaved,all,17,0.765,0.706
E2,structure,threaded,all,10,0.6,0.8
E2,type,contradiction,all,11,1.0,0.818
E2,type,deadline_passed,all,7,0.143,0.571
E2,type,repeat_question,all,8,0.875,0.75
E2,type,stale_quote,all,10,0.7,0.9
E2,form,correction,clean,5,0.6,1.0
E2,form,cross_ref,clean,3,0.667,0.667
E2,form,distributed,clean,4,1.0,0.75
E2,form,ellipsis,clean,2,1.0,1.0
E2,form,explicit,clean,11,0.455,0.727
E2,form,reaction,clean,3,1.0,0.667
E3,form,correction,all,8,0.875,0.875
E3,form,cross_ref,all,5,0.8,0.8
E3,form,distributed,all,4,1.0,1.0
E3,form,ellipsis,all,5,0.8,1.0
E3,form,explicit,all,11,0.455,0.818
E3,form,reaction,all,3,1.0,0.667
E3,bucket,cross,all,19,0.579,0.789
E3,bucket,far,all,8,1.0,0.875
E3,bucket,near,all,9,0.889,1.0
E3,structure,flat,all,9,0.889,0.889
E3,structure,interleaved,all,17,0.765,0.882
E3,structure,threaded,all,10,0.6,0.8
E3,type,contradiction,all,11,1.0,0.909
E3,type,deadline_passed,all,7,0.143,0.714
E3,type,repeat_question,all,8,0.875,0.875
E3,type,stale_quote,all,10,0.8,0.9
E3,form,correction,clean,5,0.8,1.0
E3,form,cross_ref,clean,3,0.667,0.667
E3,form,distributed,clean,4,1.0,1.0
E3,form,ellipsis,clean,2,1.0,1.0
E3,form,explicit,clean,11,0.455,0.818
E3,form,reaction,clean,3,1.0,0.667
E3~gpt,form,correction,all,8,0.875,0.875
E3~gpt,form,cross_ref,all,5,0.6,0.8
E3~gpt,form,distributed,all,4,1.0,1.0
E3~gpt,form,ellipsis,all,5,0.4,1.0
E3~gpt,form,explicit,all,11,0.545,0.818
E3~gpt,form,reaction,all,3,1.0,0.667
E3~gpt,bucket,cross,all,19,0.579,0.789
E3~gpt,bucket,far,all,8,0.875,0.875
E3~gpt,bucket,near,all,9,0.778,1.0
E3~gpt,structure,flat,all,9,0.889,0.889
E3~gpt,structure,interleaved,all,17,0.765,0.882
E3~gpt,structure,threaded,all,10,0.4,0.8
E3~gpt,type,contradiction,all,11,0.818,0.909
E3~gpt,type,deadline_passed,all,7,0.286,0.714
E3~gpt,type,repeat_question,all,8,0.875,0.875
E3~gpt,type,stale_quote,all,10,0.7,0.9
E3~gpt,form,correction,clean,5,0.8,1.0
E3~gpt,form,cross_ref,clean,3,0.333,0.667
E3~gpt,form,distributed,clean,4,1.0,1.0
E3~gpt,form,ellipsis,clean,2,0.0,1.0
E3~gpt,form,explicit,clean,11,0.545,0.818
E3~gpt,form,reaction,clean,3,1.0,0.667
E3~haiku,form,correction,all,8,0.875,0.875
E3~haiku,form,cross_ref,all,5,0.6,0.8
E3~haiku,form,distributed,all,4,1.0,1.0
E3~haiku,form,ellipsis,all,5,0.6,1.0
E3~haiku,form,explicit,all,11,0.545,0.818
E3~haiku,form,reaction,all,3,0.667,0.667
E3~haiku,bucket,cross,all,19,0.579,0.789
E3~haiku,bucket,far,all,8,1.0,0.875
E3~haiku,bucket,near,all,9,0.667,1.0
E3~haiku,structure,flat,all,9,0.556,0.889
E3~haiku,structure,interleaved,all,17,0.824,0.882
E3~haiku,structure,threaded,all,10,0.6,0.8
E3~haiku,type,contradiction,all,11,0.818,0.909
E3~haiku,type,deadline_passed,all,7,0.286,0.714
E3~haiku,type,repeat_question,all,8,0.875,0.875
E3~haiku,type,stale_quote,all,10,0.7,0.9
E3~haiku,form,correction,clean,5,0.8,1.0
E3~haiku,form,cross_ref,clean,3,0.333,0.667
E3~haiku,form,distributed,clean,4,1.0,1.0
E3~haiku,form,ellipsis,clean,2,0.5,1.0
E3~haiku,form,explicit,clean,11,0.545,0.818
E3~haiku,form,reaction,clean,3,0.667,0.667
OR,form,correction,all,8,1.0,
OR,form,cross_ref,all,5,1.0,
OR,form,distributed,all,4,1.0,
OR,form,ellipsis,all,5,0.8,
OR,form,explicit,all,11,1.0,
OR,form,reaction,all,3,1.0,
OR,bucket,cross,all,19,0.947,
OR,bucket,far,all,8,1.0,
OR,bucket,near,all,9,1.0,
OR,structure,flat,all,9,0.889,
OR,structure,interleaved,all,17,1.0,
OR,structure,threaded,all,10,1.0,
OR,type,contradiction,all,11,1.0,
OR,type,deadline_passed,all,7,1.0,
OR,type,repeat_question,all,8,0.875,
OR,type,stale_quote,all,10,1.0,
OR,form,correction,clean,5,1.0,
OR,form,cross_ref,clean,3,1.0,
OR,form,distributed,clean,4,1.0,
OR,form,ellipsis,clean,2,1.0,
OR,form,explicit,clean,11,1.0,
OR,form,reaction,clean,3,1.0,
OR~gpt,form,correction,all,8,1.0,
OR~gpt,form,cross_ref,all,5,1.0,
OR~gpt,form,distributed,all,4,1.0,
OR~gpt,form,ellipsis,all,5,0.8,
OR~gpt,form,explicit,all,11,0.818,
OR~gpt,form,reaction,all,3,1.0,
OR~gpt,bucket,cross,all,19,0.842,
OR~gpt,bucket,far,all,8,1.0,
OR~gpt,bucket,near,all,9,1.0,
OR~gpt,structure,flat,all,9,0.778,
OR~gpt,structure,interleaved,all,17,1.0,
OR~gpt,structure,threaded,all,10,0.9,
OR~gpt,type,contradiction,all,11,1.0,
OR~gpt,type,deadline_passed,all,7,0.714,
OR~gpt,type,repeat_question,all,8,0.875,
OR~gpt,type,stale_quote,all,10,1.0,
OR~gpt,form,correction,clean,5,1.0,
OR~gpt,form,cross_ref,clean,3,1.0,
OR~gpt,form,distributed,clean,4,1.0,
OR~gpt,form,ellipsis,clean,2,1.0,
OR~gpt,form,explicit,clean,11,0.818,
OR~gpt,form,reaction,clean,3,1.0,
OR~haiku,form,correction,all,8,1.0,
OR~haiku,form,cross_ref,all,5,0.8,
OR~haiku,form,distributed,all,4,1.0,
OR~haiku,form,ellipsis,all,5,1.0,
OR~haiku,form,explicit,all,11,0.727,
OR~haiku,form,reaction,all,3,1.0,
OR~haiku,bucket,cross,all,19,0.842,
OR~haiku,bucket,far,all,8,1.0,
OR~haiku,bucket,near,all,9,0.889,
OR~haiku,structure,flat,all,9,0.889,
OR~haiku,structure,interleaved,all,17,0.882,
OR~haiku,structure,threaded,all,10,0.9,
OR~haiku,type,contradiction,all,11,1.0,
OR~haiku,type,deadline_passed,all,7,0.571,
OR~haiku,type,repeat_question,all,8,1.0,
OR~haiku,type,stale_quote,all,10,0.9,
OR~haiku,form,correction,clean,5,1.0,
OR~haiku,form,cross_ref,clean,3,1.0,
OR~haiku,form,distributed,clean,4,1.0,
OR~haiku,form,ellipsis,clean,2,1.0,
OR~haiku,form,explicit,clean,11,0.727,
OR~haiku,form,reaction,clean,3,1.0,
S0,form,correction,all,8,0.25,0.25
S0,form,cross_ref,all,5,0.4,0.4
S0,form,distributed,all,4,0.25,0.25
S0,form,ellipsis,all,5,0.2,0.4
S0,form,explicit,all,11,0.091,0.0
S0,form,reaction,all,3,0.333,0.333
S0,bucket,cross,all,19,0.053,0.053
S0,bucket,far,all,8,0.0,0.0
S0,bucket,near,all,9,0.778,0.778
S0,structure,flat,all,9,0.333,0.444
S0,structure,interleaved,all,17,0.176,0.118
S0,structure,threaded,all,10,0.2,0.2
S0,type,contradiction,all,11,0.364,0.273
S0,type,deadline_passed,all,7,0.0,0.0
S0,type,repeat_question,all,8,0.0,0.125
S0,type,stale_quote,all,10,0.4,0.4
S0,form,correction,clean,5,0.0,0.0
S0,form,cross_ref,clean,3,0.0,0.0
S0,form,distributed,clean,4,0.25,0.25
S0,form,ellipsis,clean,2,0.5,0.5
S0,form,explicit,clean,11,0.091,0.0
S0,form,reaction,clean,3,0.333,0.333
S0~gpt,form,correction,all,8,0.25,0.25
S0~gpt,form,cross_ref,all,5,0.4,0.4
S0~gpt,form,distributed,all,4,0.25,0.25
S0~gpt,form,ellipsis,all,5,0.2,0.4
S0~gpt,form,explicit,all,11,0.091,0.0
S0~gpt,form,reaction,all,3,0.333,0.333
S0~gpt,bucket,cross,all,19,0.053,0.053
S0~gpt,bucket,far,all,8,0.0,0.0
S0~gpt,bucket,near,all,9,0.778,0.778
S0~gpt,structure,flat,all,9,0.333,0.444
S0~gpt,structure,interleaved,all,17,0.176,0.118
S0~gpt,structure,threaded,all,10,0.2,0.2
S0~gpt,type,contradiction,all,11,0.364,0.273
S0~gpt,type,deadline_passed,all,7,0.0,0.0
S0~gpt,type,repeat_question,all,8,0.0,0.125
S0~gpt,type,stale_quote,all,10,0.4,0.4
S0~gpt,form,correction,clean,5,0.0,0.0
S0~gpt,form,cross_ref,clean,3,0.0,0.0
S0~gpt,form,distributed,clean,4,0.25,0.25
S0~gpt,form,ellipsis,clean,2,0.5,0.5
S0~gpt,form,explicit,clean,11,0.091,0.0
S0~gpt,form,reaction,clean,3,0.333,0.333
S0~haiku,form,correction,all,8,0.25,0.25
S0~haiku,form,cross_ref,all,5,0.2,0.4
S0~haiku,form,distributed,all,4,0.25,0.25
S0~haiku,form,ellipsis,all,5,0.0,0.4
S0~haiku,form,explicit,all,11,0.0,0.0
S0~haiku,form,reaction,all,3,0.0,0.333
S0~haiku,bucket,cross,all,19,0.0,0.053
S0~haiku,bucket,far,all,8,0.0,0.0
S0~haiku,bucket,near,all,9,0.444,0.778
S0~haiku,structure,flat,all,9,0.111,0.444
S0~haiku,structure,interleaved,all,17,0.059,0.118
S0~haiku,structure,threaded,all,10,0.2,0.2
S0~haiku,type,contradiction,all,11,0.091,0.273
S0~haiku,type,deadline_passed,all,7,0.0,0.0
S0~haiku,type,repeat_question,all,8,0.0,0.125
S0~haiku,type,stale_quote,all,10,0.3,0.4
S0~haiku,form,correction,clean,5,0.0,0.0
S0~haiku,form,cross_ref,clean,3,0.0,0.0
S0~haiku,form,distributed,clean,4,0.25,0.25
S0~haiku,form,ellipsis,clean,2,0.0,0.5
S0~haiku,form,explicit,clean,11,0.0,0.0
S0~haiku,form,reaction,clean,3,0.0,0.333
S0~s1,form,correction,all,8,0.25,0.25
S0~s1,form,cross_ref,all,5,0.4,0.4
S0~s1,form,distributed,all,4,0.25,0.25
S0~s1,form,ellipsis,all,5,0.2,0.4
S0~s1,form,explicit,all,11,0.0,0.0
S0~s1,form,reaction,all,3,0.333,0.333
S0~s1,bucket,cross,all,19,0.0,0.053
S0~s1,bucket,far,all,8,0.0,0.0
S0~s1,bucket,near,all,9,0.778,0.778
S0~s1,structure,flat,all,9,0.333,0.444
S0~s1,structure,interleaved,all,17,0.118,0.118
S0~s1,structure,threaded,all,10,0.2,0.2
S0~s1,type,contradiction,all,11,0.273,0.273
S0~s1,type,deadline_passed,all,7,0.0,0.0
S0~s1,type,repeat_question,all,8,0.0,0.125
S0~s1,type,stale_quote,all,10,0.4,0.4
S0~s1,form,correction,clean,5,0.0,0.0
S0~s1,form,cross_ref,clean,3,0.0,0.0
S0~s1,form,distributed,clean,4,0.25,0.25
S0~s1,form,ellipsis,clean,2,0.5,0.5
S0~s1,form,explicit,clean,11,0.0,0.0
S0~s1,form,reaction,clean,3,0.333,0.333
