dataset,cond,budget,n,value,lo,hi,tokens_used
simulated,D1,250,191,10.99,6.29,15.77,89.34
simulated,D1,500,191,23.04,16.33,30.58,350.71
simulated,D1,1000,191,41.36,33.52,48.67,845.94
simulated,D1,1500,191,53.93,46.24,60.77,1326.74
simulated,D1,3000,191,78.53,72.14,84.62,2667.7
simulated,D1,6000,191,95.81,91.83,99.01,4504.57
simulated,D1,all,191,100.0,100.0,100.0,5073.27
simulated,D2,250,191,20.94,12.38,29.69,106.03
simulated,D2,500,191,34.03,24.56,42.92,341.81
simulated,D2,1000,191,52.36,41.66,63.01,851.81
simulated,D2,1500,191,64.4,53.3,74.29,1353.03
simulated,D2,3000,191,84.29,75.53,91.62,2656.17
simulated,D2,6000,191,97.38,93.27,100.0,4496.45
simulated,D2,all,191,100.0,100.0,100.0,5073.27
simulated,B2,250,191,25.13,15.96,33.92,116.15
simulated,B2,500,191,42.93,33.53,50.95,354.87
simulated,B2,1000,191,61.26,50.87,70.17,864.71
simulated,B2,1500,191,70.68,59.71,79.55,1357.97
simulated,B2,3000,191,85.86,76.68,92.92,2823.29
simulated,B2,6000,191,94.76,90.34,98.45,5391.11
simulated,B2,all,191,100.0,100.0,100.0,9678.99
simulated,D4,250,191,13.61,7.85,19.73,80.04
simulated,D4,500,191,27.75,18.75,37.23,342.68
simulated,D4,1000,191,38.74,30.11,47.57,825.09
simulated,D4,1500,191,49.74,39.89,59.56,1332.72
simulated,D4,3000,191,76.44,68.32,83.84,2670.27
simulated,D4,6000,191,95.81,92.2,98.97,4501.3
simulated,D4,all,191,100.0,100.0,100.0,5073.27
simulated,Z4,250,191,6.81,3.35,10.56,41.19
simulated,Z4,500,191,21.47,13.5,30.06,310.83
simulated,Z4,1000,191,32.98,22.9,43.26,824.52
simulated,Z4,1500,191,47.64,36.54,58.48,1289.97
simulated,Z4,3000,191,71.2,61.75,80.74,2624.31
simulated,Z4,6000,191,94.24,89.0,98.47,4532.18
simulated,Z4,all,191,100.0,100.0,100.0,5193.96
simulated,L4,250,191,12.04,6.63,17.74,84.56
simulated,L4,500,191,24.08,16.57,31.76,359.56
simulated,L4,1000,191,37.17,28.3,46.24,840.93
simulated,L4,1500,191,49.21,39.89,58.29,1330.72
simulated,L4,3000,191,73.3,64.74,81.46,2696.92
simulated,L4,6000,191,94.76,89.94,98.89,4597.73
simulated,L4,all,191,100.0,100.0,100.0,5321.55
simulated,L2,250,191,20.94,13.02,28.65,114.02
simulated,L2,500,191,31.94,23.07,40.47,350.56
simulated,L2,1000,191,49.74,36.93,62.84,837.41
simulated,L2,1500,191,65.97,55.23,75.0,1331.14
simulated,L2,3000,191,82.2,71.91,90.75,2680.22
simulated,L2,6000,191,97.91,94.74,100.0,4586.12
simulated,L2,all,191,100.0,100.0,100.0,5321.55
simulated,E1,250,191,32.98,25.11,41.55,231.9
simulated,E1,500,191,56.02,45.85,66.49,480.07
simulated,E1,1000,191,79.06,69.44,86.86,969.38
simulated,E1,1500,191,87.43,80.34,93.1,1456.86
simulated,E1,3000,191,94.24,88.41,98.75,2770.3
simulated,E1,6000,191,98.95,97.42,100.0,4578.98
simulated,E1,all,191,100.0,100.0,100.0,5322.06
simulated,E4,250,191,34.03,24.38,44.4,231.41
simulated,E4,500,191,45.03,35.57,55.24,480.63
simulated,E4,1000,191,66.49,57.73,75.0,972.06
simulated,E4,1500,191,84.29,77.06,90.91,1456.29
simulated,E4,3000,191,93.72,88.61,98.04,2769.83
simulated,E4,6000,191,96.86,93.26,100.0,4578.73
simulated,E4,all,191,100.0,100.0,100.0,5322.06
real,D1,250,88,12.5,3.39,23.69,40.75
real,D1,500,88,21.59,14.29,32.26,169.72
real,D1,1000,88,39.77,25.37,57.34,681.07
real,D1,1500,88,44.32,28.0,64.15,1165.07
real,D1,3000,88,50.0,32.64,66.28,2642.07
real,D1,6000,88,62.5,40.0,75.58,5547.94
real,D1,all,88,100.0,100.0,100.0,24034.23
real,D2,250,88,15.91,6.06,25.49,56.93
real,D2,500,88,32.95,26.66,41.89,222.17
real,D2,1000,88,51.14,37.33,67.06,727.84
real,D2,1500,88,52.27,37.35,68.66,1234.69
real,D2,3000,88,61.36,46.34,75.01,2696.51
real,D2,6000,88,79.55,64.86,89.23,5568.55
real,D2,all,88,100.0,100.0,100.0,24034.23
real,B2,250,88,7.95,1.67,16.33,50.94
real,B2,500,88,27.27,18.58,43.94,327.64
real,B2,1000,88,38.64,27.93,61.4,816.91
real,B2,1500,88,46.59,34.9,70.5,1311.59
real,B2,3000,88,61.36,51.22,77.42,2841.97
real,B2,6000,88,70.45,60.87,81.33,5780.72
real,B2,all,88,100.0,100.0,100.0,45307.99
real,D4,250,88,13.64,3.57,25.45,38.43
real,D4,500,88,25.0,17.54,36.07,151.82
real,D4,1000,88,44.32,29.41,62.51,705.16
real,D4,1500,88,45.45,30.84,64.16,1165.81
real,D4,3000,88,57.95,39.34,69.43,2650.94
real,D4,6000,88,64.77,39.62,76.47,5553.2
real,D4,all,88,100.0,100.0,100.0,24034.23
real,Z4,250,88,9.09,2.7,22.22,25.57
real,Z4,500,88,21.59,12.03,41.31,203.1
real,Z4,1000,88,36.36,28.57,53.06,693.28
real,Z4,1500,88,42.05,33.03,60.32,1218.19
real,Z4,3000,88,48.86,37.97,68.19,2716.76
real,Z4,6000,88,57.95,47.82,77.56,5592.72
real,Z4,all,88,100.0,100.0,100.0,23727.39
real,L4,250,88,13.64,3.77,25.35,37.47
real,L4,500,88,22.73,14.91,34.7,152.39
real,L4,1000,88,43.18,29.79,61.91,693.33
real,L4,1500,88,47.73,32.94,66.67,1156.99
real,L4,3000,88,59.09,41.51,71.83,2681.06
real,L4,6000,88,64.77,42.42,76.7,5551.43
real,L4,all,88,100.0,100.0,100.0,24614.43
real,L2,250,88,14.77,5.19,29.07,56.95
real,L2,500,88,28.41,21.43,40.3,206.66
real,L2,1000,88,50.0,35.82,66.22,734.15
real,L2,1500,88,51.14,37.31,67.69,1210.26
real,L2,3000,88,65.91,51.35,77.91,2744.85
real,L2,6000,88,79.55,64.29,89.6,5591.78
real,L2,all,88,100.0,100.0,100.0,24614.43
real,E1,250,88,21.59,9.88,40.85,229.74
real,E1,500,88,31.82,18.89,51.29,476.72
real,E1,1000,88,43.18,30.36,60.0,978.09
real,E1,1500,88,46.59,31.82,60.87,1479.65
real,E1,3000,88,59.09,40.84,69.77,2946.17
real,E1,6000,88,71.59,52.83,80.61,5716.02
real,E1,all,88,93.18,82.61,100.0,19187.44
real,E4,250,88,30.68,20.31,44.09,228.82
real,E4,500,88,36.36,25.0,47.06,481.14
real,E4,1000,88,42.05,32.08,50.88,980.43
real,E4,1500,88,50.0,34.66,60.8,1481.59
real,E4,3000,88,62.5,43.9,72.64,2944.45
real,E4,6000,88,75.0,60.0,82.19,5714.33
real,E4,all,88,93.18,82.0,100.0,19187.44
