cond,n,catch,catch_lo,catch_hi,false_alarm,fa_lo,fa_hi,bal_acc,bal_lo,bal_hi,catch_given_full,catch_given_not_full
S0,284.0,6.34,2.1,11.11,5.63,2.24,9.03,50.35,48.51,52.46,66.67,5.04
D2,284.0,71.83,60.96,81.96,19.01,10.64,27.4,76.41,68.58,84.19,91.49,33.33
B3,284.0,69.01,61.59,76.28,14.79,6.52,24.03,77.11,70.31,83.34,91.21,29.41
D4,284.0,52.82,42.67,63.58,18.31,12.5,24.03,67.25,60.47,73.79,93.85,18.18
Z4,284.0,51.41,41.73,61.43,16.2,9.79,22.73,67.61,61.19,74.48,93.33,20.73
E1,284.0,82.39,73.76,90.3,20.42,11.8,30.87,80.99,74.83,87.15,87.6,30.77
OR,284.0,96.48,91.55,100.0,29.58,21.38,38.41,83.45,79.25,87.68,,96.48
S0-D4,,,,,,,,-16.9,-23.05,-10.82,,
D2-D4,,,,,,,,9.15,3.31,15.36,,
B3-D4,,,,,,,,9.86,2.84,16.44,,
Z4-D4,,,,,,,,0.35,-4.73,5.68,,
E1-D4,,,,,,,,13.73,5.63,21.32,,
OR-D4,,,,,,,,16.2,7.91,24.59,,
S0-E1,,,,,,,,-30.63,-37.01,-24.1,,
D2-E1,,,,,,,,-4.58,-10.92,2.08,,
B3-E1,,,,,,,,-3.87,-11.19,3.38,,
D4-E1,,,,,,,,-13.73,-21.32,-5.63,,
Z4-E1,,,,,,,,-13.38,-21.38,-4.32,,
OR-E1,,,,,,,,2.46,-5.24,10.08,,
